"ID","Predicted_Critical_Temp"
1,26.704913
2,13.64429
3,47.6401
4,25.12646
5,19.95298
6,20.7519
7,46.8689
8,15.88622
9,12.15699
10,22.1345
11,21.66467
12,34.82385
13,33.88555
14,25.52059
15,28.18103
16,15.4621
17,13.84183
18,25.79853
19,22.60273
20,40.68305
21,24.015685
22,13.478362
23,20.35717
24,19.90879
25,14.04281
26,12.90142
27,33.18281
28,25.4301
29,22.16079
30,16.89085
31,17.30497
32,41.324
33,23.26814
34,45.217176
35,15.41263
36,30.29485
37,19.38485
38,27.4144
39,12.87735
40,24.4897
41,29.90665
42,40.65711
43,23.1867
44,15.4538
45,15.11614
46,24.13608
47,20.14827
48,27.2895
49,14.6387
50,21.93058
51,24.8335
52,3.274196
53,33.55614
54,29.707445
55,25.34516
56,6.474965
57,18.9173
58,31.336638
59,25.282881
60,3.6597162
61,27.6498
62,37.600538
63,60.4602
64,60.1118
65,20.396
66,20.7297
67,29.13625
68,53.60444
69,18.260035
70,49.3276
71,38.9458
72,19.4626
73,48.23147
74,25.8977
75,17.03087
76,11.42776
77,24.1948
78,15.1628
79,43.84298
80,17.674653
81,3.00838
82,28.16204
83,35.55763
84,46.9268
85,24.35257
86,4.633221
87,18.33634
88,24.6818
89,19.362705
90,23.72605
91,17.00691
92,19.21195
93,12.44134
94,26.78712
95,16.12907
96,28.74606
97,20.5452
98,14.22662
99,22.68555
100,14.048149
101,11.81427
102,20.872845
103,5.75347
104,17.99427
105,19.52142
106,40.99725
107,11.134865
108,18.646886
109,52.362215
110,8.697385
111,20.508008
112,8.99516
113,28.32218
114,53.05746
115,51.281976
116,15.16736
117,24.78298
118,43.03479
119,29.03204
120,25.03983
121,9.55283
122,31.14085
123,11.9979
124,19.20536
125,22.666198
126,30.44789
127,20.44983
128,32.66086
129,16.4999
130,29.1863
131,20.09242
132,24.649295
133,37.3211
134,16.1731
135,17.218607
136,28.75434
137,23.8093
138,21.799623
139,19.7502
140,28.90356
141,10.309765
142,1.440342
143,36.584093
144,37.6291
145,77.1535
146,13.70069
147,14.410735
148,26.32555
149,31.7139
150,27.7394
151,29.19265
152,28.0274
153,31.770654
154,29.0486
155,27.81459
156,35.185496
157,21.57506
158,21.22913
159,18.223449
160,6.57431
161,10.9670304
162,43.1287
163,2.91165
164,13.33658
165,29.97225
166,41.76715
167,21.0865
168,9.4794412
169,44.5088
170,17.004286
171,28.91787
172,13.3423
173,14.82904
174,8.2073
175,28.01895
176,16.22617
177,19.81941
178,19.45667
179,14.16256
180,27.23255
181,33.6979
182,66.40075
183,11.3048
184,21.60899
185,60.47093
186,30.16807
187,13.75027
188,45.11737
189,2.81658
190,16.42942
191,17.12835
192,1.9012082
193,10.3087
194,38.640296
195,35.4014
196,33.10002
197,18.22878
198,24.52709
199,8.54653
200,16.28275
201,16.24314
202,27.413873
203,31.008245
204,29.09047
205,24.67645
206,57.98242
207,35.3336
208,25.18342
209,18.97932
210,26.0717
211,30.8574
212,14.4926
213,24.47793
214,15.47782
215,18.244813
216,16.27831
217,6.3774
218,12.62404
219,33.72538
220,33.927538
221,24.18344
222,10.312
223,7.069077
224,33.66365
225,55.87113
226,39.179893
227,20.988253
228,14.79301
229,26.6493
230,28.39135
231,25.4361
232,21.45889
233,39.3691
234,17.24817
235,6.43629
236,27.49765
237,26.98901
238,44.01442
239,16.36374
240,12.39577
241,28.18454
242,51.821514
243,31.6903
244,26.526395
245,24.56873
246,54.1885
247,33.78228
248,13.355918
249,3.3163744
250,18.80019
251,7.87938
252,24.613418
253,24.47441
254,18.26257
255,34.4448
256,23.23845
257,19.52191
258,22.05796
259,27.63857
260,14.13653
261,26.63612
262,23.55075
263,24.22269
264,12.06506
265,15.28212
266,56.6518
267,14.90017
268,43.42791
269,25.450476
270,41.94095
271,59.2
272,3.296838
273,19.38671
274,12.41923
275,37.821844
276,38.7673
277,56.855276
278,16.52559
279,24.38104
280,8.604106
281,12.24445
282,15.84202
283,62.52544
284,42.5011
285,28.81504
286,21.064
287,17.6406
288,22.51313
289,23.1789
290,14.4459
291,55.05551
292,60.38804
293,21.5394
294,19.76996
295,10.74934
296,13.18631
297,25.6342
298,37.64558
299,19.429178
300,23.976338
301,35.114738
302,28.781681
303,4.18833
304,28.55079
305,51.8216
306,39.55975
307,9.12953
308,17.7857
309,16.8983
310,43.7998
311,9.549898
312,44.73323
313,30.1842
314,41.7905
315,25.272
316,34.70292
317,36.04066
318,44.90483
319,46.2731
320,24.97105
321,11.9519
322,64.47516
323,26.073541
324,20.2816
325,21.051418
326,27.50597
327,16.27152
328,28.11364
329,24.29041
330,16.55475
331,22.91
332,34.2277
333,29.4676
334,32.3263
335,11.21533
336,44.98485
337,41.865
338,19.67048
339,25.26237
340,21.48007
341,21.19533
342,17.307612
343,15.06857
344,48.97647
345,17.92598
346,23.17678
347,27.84061
348,7.39278
349,29.9485
350,23.91004
351,27.93063
352,13.33775
353,17.18834
354,5.69593
355,8.861088
356,31.29803
357,23.95913
358,21.6936
359,18.64517
360,18.35294
361,27.10735
362,17.157528
363,19.68661
364,64.7531
365,19.0861
366,39.0943
367,19.818083
368,16.5547
369,33.017025
370,11.3073
371,5.06498
372,33.55282
373,19.39555
374,22.35258
375,22.77646
376,15.78743
377,26.0079
378,29.41486
379,34.53375
380,24.641916
381,21.848438
382,33.2129
383,5.51658300000001
384,18.74088
385,7.8351
386,26.63566
387,56.2016
388,46.83095
389,19.76117
390,6.523662
391,15.84672
392,28.13145
393,24.57005
394,22.45042
395,36.98319
396,18.43045
397,24.185
398,32.706
399,42.2521
400,9.37675
401,16.27295
402,12.2524
403,13.594
404,10.6879522
405,15.428
406,4.12508
407,11.87821
408,24.27366
409,39.15002
410,23.7864
411,43.74988
412,22.5489
413,25.224056
414,24.329368
415,24.98445
416,15.94484
417,20.32158
418,19.122
419,14.91149
420,28.25816
421,29.1529
422,23.26217
423,19.1156
424,23.200833
425,35.06765
426,17.8701
427,25.99868
428,19.3949
429,28.65516
430,33.9258
431,48.40755
432,3.242682
433,25.00078
434,23.01269
435,28.9708
436,36.329953
437,38.283148
438,20.92685
439,45.62383
440,21.101235
441,33.36786
442,8.23336
443,15.992968
444,10.582926
445,11.27972
446,23.79585
447,21.2127
448,20.36795
449,14.57282
450,23.446034
451,25.40682
452,29.3911
453,31.9796
454,21.92919
455,32.04229
456,5.082665
457,22.69039
458,16.88622
459,11.894715
460,27.85663
461,22.5076
462,7.49616
463,38.073
464,29.036365
465,12.12786
466,26.70716
467,39.638281
468,37.2871
469,30.70846
470,24.13786
471,17.9363
472,21.50127
473,38.11803
474,21.6002
475,10.423094
476,5.667065
477,27.23388
478,56.5804
479,24.5036
480,43.53696
481,10.842719
482,38.359398
483,11.8791
484,16.91
485,3.502217
486,27.703355
487,11.49143
488,49.11529
489,54.7261
490,39.7852
491,27.442
492,18.0029
493,26.1475
494,35.004318
495,15.3541
496,25.8406
497,2.30566
498,38.18418
499,20.50222
500,15.66989
501,16.48815
502,27.20257
503,13.9864
504,32.72887
505,22.30206
506,56.0588
507,15.27281
508,13.2588
509,32.61453
510,4.16753
511,26.3103
512,26.08248
513,35.4408
514,30.314838
515,14.47625
516,25.1712
517,10.68681
518,32.48458
519,23.95913
520,25.91463
521,17.33562
522,15.58309
523,30.54932
524,14.898298
525,9.04546
526,22.85018
527,11.64718
528,45.18883
529,19.4546
530,7.53449
531,19.53905
532,15.7752
533,37.73639
534,37.92392
535,15.4978
536,15.899915
537,28.29868
538,42.5682
539,15.04211
540,13.44724
541,28.6514
542,27.83693
543,26.40568
544,20.9626
545,30.980891
546,11.14614
547,21.7529
548,53.48565
549,15.21564
550,35.7637
551,21.1237
552,21.3915
553,34.64135
554,45.93043
555,16.09452
556,23.502123
557,37.3186
558,8.45689
559,61.8997
560,7.66816
561,29.9435
562,18.8974
563,16.2638
564,11.069
565,11.774097
566,37.76198
567,20.271418
568,26.5308
569,53.31169
570,43.507244
571,24.14924
572,20.569
573,52.8371
574,21.38862
575,30.954556
576,27.9602
577,38.2069
578,16.36675
579,6.8424
580,47.18914
581,33.4685
582,31.07209
583,19.86822
584,13.93318
585,26.45876
586,20.79116
587,33.604
588,10.644663
589,33.9157
590,33.21732
591,22.21736
592,35.2569
593,26.234758
594,33.46708
595,42.4272
596,16.71118
597,1.794779
598,26.27974
599,37.67298
600,34.7342
601,24.8605
602,21.050808
603,3.7602948
604,19.1433
605,20.82202
606,9.704743
607,51.71402
608,8.571445
609,25.8483
610,35.07644
611,11.294658
612,22.07344
613,19.99622
614,3.59551
615,26.6987
616,18.9255
617,17.57298
618,26.2438
619,9.77468
620,25.24022
621,14.21024
622,33.55129
623,15.41105
624,11.4076
625,49.0648
626,11.37495
627,14.4431
628,33.70874
629,35.991838
630,16.00438
631,37.652931
632,25.7868
633,12.47301
634,23.6886
635,27.47855
636,23.59722
637,13.448858
638,29.92483
639,22.299
640,29.5626
641,26.16059
642,50.8094
643,3.099289
644,19.1454
645,12.04717
646,19.82699
647,32.834141
648,23.86637
649,27.751995
650,9.67596
651,41.5727
652,22.48395
653,21.49707
654,25.0178
655,20.9872
656,26.73585
657,27.943518
658,10.1958
659,13.76442
660,39.4639
661,66.11657
662,17.55355
663,18.74026
664,8.1027
665,27.10865
666,33.199
667,23.47847
668,49.40544
669,13.322
670,18.41691
671,28.6233
672,22.60636
673,33.45821
674,19.28096
675,45.59252
676,40.9864
677,23.85328
678,5.48293
679,15.95353
680,32.95108
681,44.75145
682,22.38913
683,24.7792
684,25.38972
685,23.9775
686,19.134468
687,22.66648
688,46.137054
689,30.4025
690,17.14367
691,20.9929
692,12.98704
693,15.564588
694,28.51418
695,27.2605
696,28.9671
697,19.58491
698,19.71068
699,14.22688
700,22.72578
701,49.0119
702,14.333025
703,29.98525
704,26.05193
705,23.691268
706,31.397638
707,5.37976
708,10.42108
709,4.766901
710,15.91828
711,53.79328
712,4.76179
713,15.42485
714,11.88382
715,32.75635
716,30.4082
717,23.02937
718,18.23682
719,30.1796
720,17.8284
721,25.11757
722,42.8158
723,16.37869
724,10.38391
725,36.899188
726,14.64969
727,18.9651
728,28.38098
729,17.008438
730,25.177895
731,24.6162
732,38.341
733,28.05124
734,6.5138
735,30.820575
736,23.5663
737,27.2236
738,33.35981
739,13.12762
740,22.149205
741,29.94894
742,33.0636
743,15.08188
744,32.02266
745,23.11117
746,14.21838
747,59.46231
748,26.29335
749,41.1405
750,16.11698
751,23.70669
752,52.70659
753,21.10965
754,36.5639
755,24.8101
756,24.08275
757,9.9685
758,13.97785
759,27.96331
760,33.686173
761,29.57178
762,48.88235
763,38.151076
764,18.09059
765,16.13084
766,20.9374
767,15.937118
768,27.16327
769,61.54734
770,32.3766
771,13.15307
772,30.22815
773,26.0429
774,14.11812
775,25.3711
776,20.03276
777,33.2374
778,35.54896
779,30.3198
780,39.56583
781,20.864675
782,38.1747
783,15.0464
784,18.50777
785,17.4271
786,25.0882
787,41.286838
788,36.316995
789,14.6564
790,9.14007000000001
791,6.53525
792,49.5684
793,61.19035
794,21.66267
795,15.0625
796,24.3883
797,31.5649
798,28.4392
799,25.71737
800,30.04007
801,28.63258
802,36.7318
803,44.46764
804,25.88957
805,5.160424
806,6.83091
807,9.55999999999999
808,21.06219
809,54.05957
810,24.76528
811,29.34129
812,38.97392
813,23.684438
814,28.55145
815,22.3142
816,17.52505
817,21.81319
818,29.250906
819,1.952342
820,23.97451
821,16.9119
822,39.8179
823,36.4999
824,17.01942
825,18.69595
826,7.96526
827,13.09899
828,33.98208
829,24.08076
830,29.00015
831,32.57775
832,24.98625
833,50.38796
834,3.642605
835,30.942
836,24.3539
837,38.29103
838,14.833555
839,1.527728
840,15.15975
841,29.29698
842,38.0589
843,38.513
844,22.23382
845,23.53887
846,15.11447
847,25.0002
848,18.65483
849,22.657468
850,53.5618
851,17.72222
852,29.1219
853,17.74283
854,17.28185
855,33.82948
856,23.37812
857,28.53712
858,25.1256
859,27.46967
860,40.223228
861,11.55017
862,27.71683
863,15.31796
864,50.2624
865,8.00554700000001
866,33.72106
867,24.068218
868,35.245538
869,15.01015
870,6.79118
871,9.33887
872,7.65808
873,64.916172
874,13.462924
875,12.64098
876,12.34419
877,39.20469
878,37.16595
879,14.7536
880,27.4672
881,39.089
882,12.88517
883,29.60739
884,26.2376
885,19.51601
886,16.080744
887,19.5494
888,4.38881
889,17.9567
890,7.73471
891,19.16375
892,26.58997
893,32.73921
894,34.6131
895,21.96217
896,18.431808
897,44.3921
898,22.18539
899,20.21331
900,10.915758
901,29.22986
902,3.890856
903,41.64532
904,39.93293
905,44.5535
906,31.24041
907,18.89767
908,16.24412
909,23.4105
910,28.51836
911,55.39307
912,16.48948
913,25.37511
914,47.68068
915,28.146906
916,36.31652
917,18.49902
918,18.90055
919,28.0431
920,22.8516
921,3.80149
922,11.9073
923,28.42583
924,20.39035
925,59.3381
926,12.272295
927,28.94108
928,30.55591
929,19.158338
930,9.704743
931,21.483743
932,18.83799
933,13.49637
934,44.94273
935,14.78786
936,35.7181
937,26.94865
938,21.08841
939,27.7054
940,4.36375
941,30.17777
942,20.63629
943,4.31538
944,16.2239
945,17.92672
946,4.75066
947,16.28165
948,28.979995
949,46.96678
950,34.4134
951,18.2324
952,27.86315
953,41.322218
954,62.787855
955,47.1383
956,25.4616
957,20.5613
958,4.344582
959,33.07973
960,19.71255
961,33.5193
962,39.1043
963,10.92097
964,23.24112
965,26.458386
966,17.074
967,23.93715
968,23.92266
969,23.3202
970,6.3777
971,39.07535
972,3.468445
973,22.043513
974,15.52758
975,38.02655
976,29.47115
977,21.90131
978,14.02855
979,19.6895
980,18.54932
981,6.47307
982,17.297
983,3.659424
984,8.55211
985,24.73252
986,25.8179
987,7.0374
988,18.21997
989,21.83087
990,19.396672
991,29.9814
992,57.019802
993,15.0154
994,32.65942
995,53.8529
996,4.880972
997,39.98575
998,11.08648
999,18.43341
1000,41.93348
1001,16.66036
1002,16.750648
1003,15.18305
1004,32.85992
1005,43.734155
1006,40.978514
1007,17.2554
1008,29.78106
1009,20.88949
1010,14.684638
1011,9.366293
1012,8.27821
1013,49.19565
1014,18.898732
1015,27.97845
1016,17.1421
1017,42.5962
1018,6.856693
1019,38.69649
1020,15.2611
1021,22.947884
1022,20.53362
1023,9.205055
1024,5.72172
1025,8.32178200000001
1026,8.70857
1027,25.55331
1028,36.08645
1029,40.382212
1030,36.156538
1031,26.463598
1032,1.3889124
1033,14.73133
1034,57.24665
1035,48.318193
1036,58.8967
1037,18.80073
1038,13.260141
1039,34.20515
1040,23.52503
1041,18.3915
1042,22.207105
1043,46.61336
1044,24.2828
1045,29.6417
1046,27.26845
1047,8.8724
1048,17.73902
1049,11.00354
1050,54.3258
1051,14.26258
1052,30.78225
1053,17.359875
1054,17.1157
1055,13.05148
1056,7.74381
1057,27.25235
1058,13.02341
1059,17.04939
1060,47.52326
1061,7.29422
1062,38.63485
1063,20.98647
1064,12.47205
1065,12.417238
1066,6.87015
1067,19.06259
1068,17.62637
1069,11.65991
1070,18.825743
1071,38.06792
1072,54.4819
1073,29.74401
1074,15.59327
1075,20.92146
1076,36.77107
1077,33.7722
1078,49.24803
1079,2.985283
1080,2.6252752
1081,6.734473
1082,2.81848
1083,17.356848
1084,44.2512
1085,31.3858
1086,33.64975
1087,42.4735
1088,20.49293
1089,26.20584
1090,22.47491
1091,23.487956
1092,23.4742
1093,23.92838
1094,33.0091
1095,21.4619
1096,43.63983
1097,11.21415
1098,22.60206
1099,2.93753
1100,21.2661
1101,31.42
1102,12.165674
1103,22.47098
1104,27.26504
1105,25.71935
1106,11.26707
1107,41.90844
1108,31.30299
1109,20.724
1110,23.2521
1111,43.05156
1112,6.98834
1113,11.44488
1114,25.7926
1115,34.725138
1116,21.97302
1117,49.50412
1118,7.90651
1119,18.254301
1120,24.3883
1121,24.7706
1122,5.95712
1123,32.3477
1124,40.0951
1125,23.7175
1126,60.955
1127,34.85698
1128,25.84999
1129,9.272978
1130,18.745878
1131,13.96797
1132,15.6567
1133,37.31118
1134,20.892475
1135,5.85135
1136,36.08704
1137,43.77187
1138,27.36395
1139,8.579475
1140,16.8886
1141,19.9701
1142,21.551304
1143,14.03785
1144,73.17348
1145,15.897
1146,4.285544
1147,16.97743
1148,18.66513
1149,32.9406
1150,26.27637
1151,25.9796
1152,14.9567
1153,29.96795
1154,34.12781
1155,10.98366
1156,22.63998
1157,52.1277
1158,45.8751
1159,25.65377
1160,20.1242
1161,27.54146
1162,26.4429
1163,16.05372
1164,5.13909
1165,15.3115
1166,43.1252
1167,35.31488
1168,39.68102
1169,19.89843
1170,17.525095
1171,4.6795804
1172,15.644548
1173,6.48826
1174,5.841563
1175,31.61085
1176,42.07706
1177,18.72792
1178,22.103
1179,3.244851
1180,22.8667
1181,5.18198
1182,28.99856
1183,22.851
1184,40.2876
1185,30.13142
1186,14.5591
1187,19.21602
1188,27.10433
1189,35.05685
1190,20.266718
1191,46.959955
1192,39.188938
1193,27.966933
1194,4.40687
1195,6.51548
1196,33.753776
1197,50.53032
1198,60.9607
1199,27.1207
1200,13.76598
1201,29.9134
1202,36.88607
1203,11.1618
1204,11.886718
1205,41.9726
1206,19.0715
1207,29.1677
1208,6.12245
1209,28.25659
1210,13.68526
1211,19.7723
1212,21.635115
1213,5.733155
1214,5.400595
1215,21.14312
1216,18.52903
1217,13.54338
1218,56.0448
1219,18.91644
1220,14.46138
1221,27.4899
1222,17.57971
1223,17.37956
1224,16.136838
1225,16.09367
1226,15.55459
1227,29.99155
1228,16.55202
1229,19.41475
1230,37.75845
1231,43.32571
1232,10.66897
1233,36.89212
1234,28.18856
1235,35.66635
1236,10.18858
1237,29.94595
1238,51.40942
1239,4.0138
1240,14.75269
1241,32.717158
1242,31.71335
1243,32.48598
1244,11.25715
1245,20.980348
1246,21.179873
1247,35.87998
1248,41.41761
1249,31.48501
1250,26.8882
1251,24.444395
1252,8.628208
1253,26.108438
1254,28.95166
1255,25.85777
1256,29.27615
1257,50.372507
1258,33.85797
1259,27.3353
1260,33.42814
1261,11.55219
1262,36.28376
1263,28.2511
1264,17.5304
1265,17.88251
1266,23.03314
1267,23.89953
1268,16.10267
1269,25.73243
1270,32.95806
1271,18.0072
1272,32.562524
1273,12.92632
1274,25.68566
1275,13.30605
1276,17.08665
1277,41.0006
1278,59.589
1279,48.4894
1280,25.10584
1281,24.47686
1282,31.3859
1283,22.03512
1284,8.90991
1285,41.2215
1286,37.99185
1287,20.2974
1288,37.7883
1289,39.6077
1290,33.9387
1291,16.65948
1292,19.9535
1293,35.1877
1294,24.3755
1295,60.51684
1296,11.27619
1297,20.57623
1298,19.950145
1299,48.871594
1300,6.973054
1301,11.61463
1302,23.1092
1303,17.15392
1304,17.531112
1305,30.708516
1306,23.0866
1307,14.21678
1308,23.68485
1309,14.667048
1310,17.64032
1311,11.57293
1312,36.52071
1313,54.13794
1314,45.950906
1315,23.59301
1316,49.18642
1317,25.64722
1318,20.62303
1319,23.9793
1320,26.70719
1321,41.92765
1322,5.540001
1323,12.70536
1324,13.05378
1325,9.49722999999999
1326,9.96998
1327,2.863078
1328,27.53408
1329,29.74442
1330,49.368676
1331,20.6976
1332,26.84938
1333,20.98541
1334,42.467538
1335,13.657
1336,51.773
1337,33.43655
1338,5.507693
1339,19.59693
1340,29.8744
1341,29.82852
1342,16.55405
1343,32.8833
1344,21.8853
1345,27.13062
1346,23.31628
1347,8.21744999999999
1348,34.26333
1349,22.07332
1350,5.465687
1351,16.145917
1352,28.28495
1353,25.40787
1354,14.62785
1355,20.54457
1356,10.93864
1357,32.99502
1358,23.60916
1359,21.820788
1360,57.65352
1361,20.3945
1362,16.59539
1363,28.86245
1364,23.45858
1365,18.70068
1366,41.11921
1367,10.439826
1368,30.81556
1369,4.38372
1370,35.19092
1371,36.079452
1372,8.48473
1373,10.6524
1374,9.72049
1375,2.613808
1376,9.916868
1377,24.96907
1378,29.29807
1379,16.4264
1380,34.6249
1381,20.51589
1382,17.71223
1383,19.77486
1384,11.79764
1385,37.11881
1386,30.746268
1387,40.0967
1388,15.0881
1389,14.704208
1390,26.3666
1391,18.20669
1392,15.00152
1393,49.3577
1394,21.46595
1395,27.754333
1396,32.67845
1397,24.979048
1398,31.08627
1399,25.60364
1400,57.6448
1401,38.25539
1402,37.83755
1403,33.863
1404,27.8158
1405,7.672745
1406,15.87105
1407,22.741118
1408,19.97223
1409,41.57053
1410,23.6515
1411,21.15068
1412,38.3515
1413,2.7238694
1414,26.02172
1415,21.879572
1416,15.16666
1417,28.92196
1418,20.88178
1419,50.1192
1420,27.83557
1421,29.04395
1422,45.7622
1423,36.47958
1424,27.0574
1425,26.8503
1426,21.58916
1427,45.92805
1428,26.28851
1429,12.42616
1430,23.2304
1431,17.47002
1432,29.55464
1433,23.3875
1434,34.254714
1435,35.309438
1436,5.59085
1437,13.29295
1438,15.30787
1439,31.87784
1440,52.53175
1441,22.2546
1442,12.90829
1443,18.3565
1444,45.0275
1445,26.53855
1446,18.50172
1447,11.118495
1448,14.83319
1449,30.736544
1450,26.2569
1451,24.6316
1452,41.28085
1453,1.935601
1454,4.411928
1455,7.040955
1456,19.175
1457,23.017729
1458,37.1558
1459,20.52543
1460,52.00829
1461,35.259627
1462,28.9771
1463,14.77706
1464,25.3228
1465,24.1694
1466,41.379394
1467,33.5692
1468,18.7075
1469,16.69914
1470,45.2418
1471,33.1982
1472,8.63713
1473,42.3508
1474,16.77528
1475,31.15585
1476,15.34032
1477,27.05351
1478,52.0864
1479,11.84744
1480,22.44153
1481,47.734
1482,31.29851
1483,21.8404
1484,34.63037
1485,4.040823
1486,22.1098
1487,12.55717
1488,3.70576
1489,29.86546
1490,28.42578
1491,33.419
1492,28.54022
1493,18.82592
1494,28.24702
1495,28.92108
1496,36.3318
1497,28.75358
1498,64.79364
1499,45.86705
1500,26.0162
1501,24.57685
1502,12.2681
1503,34.2986
1504,14.6405
1505,51.3163
1506,21.630393
1507,27.34738
1508,21.6096
1509,4.726165
1510,20.18072
1511,6.16075
1512,17.29823
1513,3.73293
1514,27.94765
1515,22.320438
1516,40.7203
1517,7.47614
1518,16.67884
1519,2.667255
1520,30.28411
1521,42.143
1522,43.3209
1523,18.8161
1524,16.84912
1525,32.32827
1526,24.51145
1527,15.79332
1528,35.921519
1529,33.51985
1530,29.1095
1531,27.395443
1532,23.84775
1533,11.9648
1534,20.81158
1535,7.94775
1536,7.0698
1537,41.88628
1538,44.5164
1539,42.97407
1540,28.892981
1541,16.58676
1542,54.824
1543,25.77769
1544,23.909245
1545,22.9638
1546,14.732052
1547,18.955153
1548,17.15932
1549,33.04275
1550,30.442838
1551,18.95753
1552,22.226838
1553,15.04275
1554,21.5116
1555,49.3152
1556,20.98163
1557,35.84802
1558,22.81384
1559,48.63762
1560,22.67676
1561,30.73493
1562,48.6377
1563,25.9374
1564,22.6068
1565,4.5827
1566,21.80625
1567,10.6747
1568,16.69056
1569,19.73747
1570,33.686173
1571,34.5727
1572,42.1225
1573,29.347876
1574,19.89072
1575,11.104392
1576,19.42845
1577,14.680638
1578,11.378743
1579,37.67216
1580,25.99565
1581,30.0351
1582,17.921
1583,20.0905
1584,46.45757
1585,9.54638
1586,13.521
1587,28.89665
1588,24.1407
1589,14.87199
1590,26.166785
1591,28.19213
1592,17.3336
1593,61.9095
1594,22.02342
1595,20.47175
1596,19.9791
1597,37.6376
1598,33.003291
1599,3.947125
1600,3.758255
1601,53.162
1602,52.5037
1603,12.9953
1604,29.3968
1605,18.6516
1606,12.250206
1607,20.2301
1608,34.19095
1609,39.55299
1610,38.2552
1611,51.6727
1612,22.5106
1613,18.4504
1614,36.98137
1615,14.40699
1616,21.45818
1617,37.2877
1618,31.8241
1619,9.162982
1620,5.42148
1621,27.0222
1622,15.39138
1623,33.97936
1624,24.09753
1625,26.16238
1626,5.15694
1627,21.9522
1628,30.787362
1629,17.16094
1630,32.79608
1631,14.93102
1632,31.9678
1633,24.84225
1634,58.6201
1635,14.50025
1636,45.59193
1637,13.547018
1638,35.58254
1639,21.564354
1640,67.3296
1641,19.2713
1642,26.09681
1643,41.6799
1644,30.06901
1645,33.6432
1646,25.348068
1647,31.891994
1648,10.1415
1649,13.20254
1650,25.43939
1651,14.78598
1652,17.168424
1653,51.4146
1654,22.17993
1655,12.522035
1656,40.47992
1657,7.70582
1658,17.200161
1659,10.1994
1660,15.86947
1661,31.64936
1662,16.18707
1663,20.49805
1664,21.78232
1665,34.2986
1666,13.25077
1667,6.91
1668,28.4362
1669,29.9811
1670,5.8688
1671,28.90742
1672,26.11662
1673,7.82328
1674,15.253085
1675,18.59947
1676,21.51005
1677,31.639518
1678,36.0902
1679,36.831098
1680,9.904055
1681,37.99155
1682,36.374938
1683,42.0984
1684,59.54005
1685,22.24559
1686,16.98508
1687,36.0114
1688,16.43835
1689,24.88715
1690,27.50982
1691,26.2058
1692,35.5664
1693,31.0224
1694,22.6669
1695,15.85473
1696,2.36964
1697,4.338706
1698,2.811944
1699,17.7913
1700,21.978712
1701,26.730805
1702,26.188188
1703,14.94098
1704,4.436215
1705,27.50355
1706,21.98961
1707,27.3151
1708,19.4813
1709,40.3522
1710,11.6157
1711,30.10158
1712,17.50851
1713,9.59229
1714,33.6859
1715,18.98838
1716,7.57605
1717,20.60337
1718,46.1348
1719,38.601162
1720,25.60941
1721,36.40185
1722,34.0275
1723,36.06868
1724,56.10609
1725,31.4304
1726,19.94866
1727,20.987558
1728,33.99995
1729,42.63738
1730,18.19076
1731,25.06201
1732,32.8439
1733,34.38775
1734,42.6128
1735,30.64094
1736,18.282895
1737,25.71211
1738,17.3438
1739,41.92632
1740,10.548243
1741,35.77268
1742,48.81285
1743,20.3429
1744,24.90585
1745,41.36605
1746,50.95175
1747,14.55976
1748,23.30631
1749,28.5944
1750,27.02462
1751,18.09135
1752,30.42814
1753,2.545919
1754,5.01212
1755,29.42571
1756,23.7454
1757,8.457029
1758,23.42751
1759,13.4015
1760,32.664378
1761,4.48656
1762,22.472745
1763,8.91584000000001
1764,47.092493
1765,49.4762
1766,12.296676
1767,14.7734
1768,28.32355
1769,23.57443
1770,19.14592
1771,8.0206
1772,42.2352
1773,22.84187
1774,31.19619
1775,24.7018
1776,10.74079
1777,7.86531
1778,7.087885
1779,6.5203
1780,9.14755000000001
1781,43.1408
1782,35.91815
1783,28.2797
1784,1.625511
1785,46.4246
1786,34.47998
1787,20.6913
1788,24.8692
1789,15.51635
1790,13.89118
1791,31.5498
1792,3.170562
1793,11.773
1794,43.98925
1795,15.312676
1796,16.69792
1797,25.09272
1798,37.52477
1799,3.9546396
1800,34.012413
1801,18.58356
1802,53.410004
1803,16.37286
1804,27.81879
1805,27.45829
1806,30.92491
1807,31.38353
1808,27.06256
1809,34.88614
1810,24.4943
1811,15.71646
1812,5.39501
1813,6.78267
1814,30.33113
1815,30.95968
1816,17.32075
1817,31.474995
1818,34.04842
1819,22.35181
1820,16.825988
1821,21.5393
1822,53.7129
1823,28.76183
1824,25.4222
1825,21.0216
1826,12.80015
1827,18.49949
1828,29.40914
1829,29.7163
1830,33.53382
1831,21.18884
1832,23.66949
1833,15.59304
1834,27.9547
1835,39.1455
1836,5.334677
1837,29.94825
1838,26.05265
1839,20.7342
1840,36.2495
1841,28.159098
1842,4.535925
1843,4.11228
1844,26.91348
1845,36.7611
1846,20.50628
1847,25.18856
1848,18.6218
1849,28.28143
1850,11.61666
1851,20.35802
1852,16.93866
1853,42.8425
1854,24.2581
1855,37.16485
1856,7.403115
1857,7.74838
1858,8.04692500000001
1859,22.18844
1860,46.13485
1861,21.62524
1862,5.345219
1863,22.253418
1864,9.73187
1865,24.894975
1866,29.0956
1867,28.9389
1868,23.93171
1869,28.6261
1870,14.96805
1871,30.249611
1872,30.5907
1873,14.51978
1874,20.68611
1875,38.71576
1876,17.8597
1877,17.29042
1878,8.9997
1879,38.5788
1880,10.95879
1881,33.47012
1882,13.410049
1883,42.9758
1884,18.61824
1885,8.94164
1886,44.78954
1887,34.96841
1888,26.18447
1889,17.00039
1890,39.62841
1891,8.48158
1892,26.80785
1893,9.07525
1894,12.81275
1895,23.1986
1896,39.993818
1897,15.7625
1898,24.14658
1899,29.376665
1900,18.49755
1901,24.49445
1902,9.571943
1903,74.93027
1904,37.18285
1905,15.725
1906,27.6614
1907,13.6979
1908,32.95712
1909,25.60289
1910,13.4838
1911,29.9046
1912,27.46226
1913,19.93618
1914,21.59856
1915,5.08033
1916,20.6992
1917,40.1039
1918,34.81585
1919,28.54797
1920,20.9705
1921,52.9593
1922,29.833086
1923,28.662598
1924,21.0876
1925,22.44615
1926,48.366955
1927,54.2528
1928,24.88196
1929,11.44657
1930,31.47065
1931,27.0558
1932,18.82702
1933,29.7881
1934,34.7072
1935,26.1596
1936,46.13745
1937,23.825393
1938,19.1817
1939,17.4995
1940,4.827216
1941,10.5374
1942,43.07274
1943,40.439696
1944,29.44115
1945,29.27888
1946,21.81233
1947,59.16605
1948,14.64705
1949,16.49506
1950,15.70259
1951,11.22339
1952,17.29538
1953,31.1625
1954,20.23294
1955,15.07314
1956,35.65585
1957,14.74375
1958,16.87612
1959,28.3747
1960,14.92254
1961,47.05001
1962,20.5516
1963,14.03741
1964,23.11192
1965,13.32838
1966,27.5882
1967,17.64307
1968,28.71445
1969,39.8549
1970,15.98224
1971,19.9259
1972,36.163738
1973,12.77643
1974,23.0621
1975,13.252313
1976,29.13478
1977,35.79475
1978,53.578076
1979,23.7417
1980,5.354991
1981,23.529845
1982,41.619276
1983,13.09195
1984,55.1578
1985,31.18535
1986,36.80293
1987,28.424776
1988,7.25183600000001
1989,37.48081
1990,28.3233
1991,29.3772
1992,12.3789
1993,27.54657
1994,21.6096
1995,25.13623
1996,21.83782
1997,26.4023
1998,14.275685
1999,24.44647
2000,18.2098
2001,31.2403
2002,23.5735
2003,6.29028
2004,4.770195
2005,27.30657
2006,17.55293
2007,8.74455
2008,47.67495
2009,28.793
2010,20.2391
2011,45.15934
2012,27.4775
2013,13.71059
2014,25.20885
2015,38.875
2016,32.66005
2017,43.8725
2018,32.76556
2019,26.84733
2020,9.22445
2021,32.23545
2022,14.45097
2023,25.1164
2024,40.265291
2025,16.897195
2026,28.0894
2027,17.51507
2028,5.239078
2029,28.80772
2030,7.68379
2031,15.62245
2032,19.8531
2033,18.98659
2034,39.4087
2035,31.63463
2036,20.3192
2037,40.6848
2038,37.5346
2039,14.7607
2040,17.19547
2041,44.60748
2042,16.39698
2043,26.39643
2044,29.66546
2045,33.30415
2046,10.49213
2047,25.512486
2048,18.30309
2049,26.51177
2050,17.31751
2051,20.44284
2052,18.8962
2053,18.3353
2054,16.19054
2055,11.62145
2056,17.46606
2057,30.84534
2058,4.73133
2059,66.5005
2060,36.99833
2061,29.11086
2062,24.39805
2063,18.972
2064,10.368693
2065,18.33935
2066,39.85681
2067,2.9327
2068,32.39694
2069,21.4653
2070,11.40824
2071,2.975032
2072,15.34236
2073,27.43203
2074,5.820932
2075,33.5671
2076,21.55499
2077,12.49014
2078,12.72723
2079,33.64002
2080,34.85528
2081,10.51154
2082,16.48983
2083,45.3358
2084,15.63915
2085,13.77182
2086,34.54
2087,44.01435
2088,45.607255
2089,41.8584
2090,16.67978
2091,13.1832
2092,41.66955
2093,27.9742
2094,17.14782
2095,28.9395
2096,18.76115
2097,30.3251
2098,51.7357
2099,22.72181
2100,22.66552
2101,7.11332
2102,17.01892
2103,12.12114
2104,23.7648
2105,18.44702
2106,22.153856
2107,25.808895
2108,37.823785
2109,48.467344
2110,37.16352
2111,11.84422
2112,31.1164
2113,18.1706
2114,17.47939
2115,23.4849
2116,28.81749
2117,7.30011
2118,34.25135
2119,22.4259
2120,14.2208
2121,47.0707
2122,29.98057
2123,20.2612
2124,36.97482
2125,28.36586
2126,50.498594
2127,17.32622
2128,47.2839
2129,57.00358
2130,19.637
2131,38.3408
2132,7.86164
2133,28.68558
2134,4.03783
2135,12.95039
2136,25.82045
2137,20.36326
2138,31.839348
2139,52.5816
2140,30.55162
2141,16.569405
2142,3.8796162
2143,31.858
2144,27.2721
2145,20.6434
2146,27.78289
2147,38.56684
2148,21.635693
2149,15.37705
2150,26.67542
2151,23.42488
2152,19.56569
2153,19.37982
2154,28.4379
2155,20.35326
2156,30.17777
2157,14.77041
2158,20.20024
2159,4.21561
2160,10.93141
2161,37.65232
2162,22.77635
2163,9.9646
2164,29.095838
2165,22.645498
2166,15.44142
2167,2.432449
2168,4.059532
2169,54.0444
2170,62.4689
2171,22.03747
2172,20.8787
2173,5.285009
2174,25.4045
2175,28.53049
2176,32.20055
2177,40.947
2178,7.954205
2179,35.7637
2180,24.3352
2181,27.02061
2182,14.1269
2183,52.984008
2184,39.99163
2185,31.9068
2186,52.25431
2187,22.299696
2188,22.32735
2189,42.45059
2190,48.5479
2191,18.472856
2192,20.8143
2193,27.7507
2194,23.5055
2195,22.2317
2196,14.9929
2197,31.5006
2198,14.3508
2199,27.2129
2200,22.2414
2201,18.42634
2202,20.0232
2203,35.8957
2204,19.49535
2205,13.57438
2206,17.72101
2207,62.014202
2208,16.568308
2209,26.41036
2210,44.8103
2211,5.38461
2212,32.2289
2213,15.59155
2214,32.63771
2215,4.687943
2216,12.01592
2217,27.72981
2218,9.7552
2219,31.870148
2220,42.2314
2221,27.00925
2222,22.7691
2223,4.925605
2224,23.79039
2225,24.5347
2226,12.25771
2227,49.22204
2228,18.8308
2229,65.6971
2230,21.5585
2231,23.634
2232,18.34071
2233,13.37018
2234,34.55426
2235,23.53905
2236,31.73343
2237,12.90182
2238,17.97092
2239,23.6564
2240,21.55867
2241,23.2459
2242,26.88585
2243,5.37037
2244,31.012808
2245,3.426138
2246,29.518001
2247,11.39686
2248,16.76638
2249,45.9372
2250,47.4596
2251,55.813
2252,26.321955
2253,15.57428
2254,29.2386
2255,41.4247
2256,22.45113
2257,51.78933
2258,39.16526
2259,16.70746
2260,42.9988
2261,26.64144
2262,23.1375
2263,8.10661
2264,26.5232
2265,9.6683
2266,19.045378
2267,45.5814
2268,25.23622
2269,21.62236
2270,13.16008
2271,46.49731
2272,24.94435
2273,13.07452
2274,25.95047
2275,19.8531
2276,22.759994
2277,14.979683
2278,30.72233
2279,13.97974
2280,34.8163
2281,18.1382
2282,20.12705
2283,21.14382
2284,12.29892
2285,13.93318
2286,26.265473
2287,60.1199
2288,33.54683
2289,18.36996
2290,25.03976
2291,48.67668
2292,40.89855
2293,21.9797
2294,12.94177
2295,21.938756
2296,43.38585
2297,22.41134
2298,3.56645
2299,18.86915
2300,34.05727
2301,38.9358
2302,35.05562
2303,18.161778
2304,23.49054
2305,22.6965
2306,17.414078
2307,15.19677
2308,48.3156
2309,31.04135
2310,13.5974
2311,61.76755
2312,16.4625
2313,26.43752
2314,14.4416
2315,15.24821
2316,31.2035
2317,18.68475
2318,5.32471
2319,18.31817
2320,18.94496
2321,19.6286
2322,57.6788
2323,24.10682
2324,18.70851
2325,37.770608
2326,34.958738
2327,23.05957
2328,13.39344
2329,23.25145
2330,40.077138
2331,40.718
2332,6.69562
2333,29.94495
2334,17.2752
2335,47.40162
2336,27.0184
2337,24.9089
2338,24.8006
2339,38.0125
2340,20.2115
2341,32.11855
2342,29.9558
2343,35.709686
2344,12.13485
2345,26.70953
2346,16.81013
2347,16.49159
2348,36.1937
2349,22.24445
2350,28.407395
2351,31.674
2352,43.092427
2353,20.90415
2354,17.38009
2355,28.47078
2356,17.54767
2357,17.244928
2358,9.90022
2359,24.83859
2360,4.38052
2361,10.5554
2362,29.2523
2363,22.46667
2364,9.17150000000001
2365,20.19067
2366,17.41539
2367,25.18833
2368,54.06727
2369,27.54766
2370,14.5493
2371,38.9478
2372,47.5197
2373,31.55446
2374,29.3172
2375,29.38596
2376,23.59199
2377,27.33998
2378,19.57312
2379,22.24439
2380,36.5351
2381,37.931872
2382,42.451055
2383,64.7726
2384,19.24995
2385,20.68126
2386,16.33929
2387,15.73325
2388,29.40696
2389,55.9997
2390,19.49255
2391,52.0653
2392,20.7626
2393,5.128303
2394,41.32338
2395,6.950853
2396,5.778142
2397,31.117697
2398,30.04116
2399,20.39286
2400,23.15714
2401,15.11387
2402,25.1729
2403,61.5126
2404,10.96179
2405,19.6441
2406,15.69336
2407,7.41422
2408,3.588666
2409,14.65952
2410,8.25595
2411,30.81312
2412,72.1349
2413,62.4667
2414,25.1491
2415,17.44477
2416,29.61489
2417,19.51838
2418,29.36113
2419,25.68181
2420,41.91535
2421,18.0206
2422,85.0294
2423,32.54644
2424,31.08108
2425,7.78385
2426,19.3976
2427,13.25007
2428,37.89298
2429,30.46434
2430,19.78695
2431,48.3104
2432,15.00588
2433,38.424294
2434,19.210193
2435,22.15461
2436,22.61425
2437,25.8086
2438,37.9309
2439,29.3961
2440,31.12848
2441,7.7587
2442,20.05626
2443,29.70454
2444,59.5197
2445,23.65014
2446,30.71857
2447,49.70644
2448,34.20472
2449,43.043226
2450,20.8957
2451,21.11281
2452,19.673893
2453,41.5507
2454,23.75081
2455,38.18175
2456,38.765275
2457,35.26208
2458,32.529818
2459,26.2768
2460,21.92866
2461,10.526
2462,31.28565
2463,19.09466
2464,25.37063
2465,23.5221
2466,19.2805
2467,13.82881
2468,33.60685
2469,14.5709
2470,35.701153
2471,31.656
2472,10.61909
2473,30.0297
2474,13.42406
2475,32.019
2476,16.07889
2477,19.57912
2478,28.5086
2479,18.04999
2480,20.54692
2481,12.980258
2482,4.114139
2483,23.09269
2484,23.27371
2485,21.22126
2486,36.61895
2487,22.4966
2488,10.83299
2489,17.5248
2490,8.00371
2491,6.61383
2492,36.221376
2493,44.92873
2494,24.3295
2495,11.34397
2496,23.17356
2497,35.9718
2498,58.80422
2499,16.076166
2500,21.1574
2501,39.33955
2502,43.10955
2503,44.1148
2504,27.4034
2505,17.64239
2506,9.13858500000001
2507,4.685228
2508,10.76942
2509,25.3221
2510,35.24268
2511,6.18737
2512,28.78387
2513,12.4068
2514,52.7533
2515,27.00735
2516,23.3556
2517,19.46175
2518,23.6802
2519,24.672418
2520,30.9451
2521,21.13395
2522,15.0183
2523,8.0417
2524,22.58932
2525,17.83308
2526,15.563
2527,22.54807
2528,44.033272
2529,34.08492
2530,26.9697
2531,29.76496
2532,35.776
2533,6.655205
2534,34.88646
2535,31.35934
2536,37.0123
2537,20.390328
2538,32.11013
2539,6.84479
2540,15.7436
2541,19.54175
2542,16.08728
2543,41.18898
2544,32.2777
2545,50.247557
2546,17.71472
2547,24.8336
2548,35.729146
2549,27.95906
2550,11.180726
2551,9.18186999999999
2552,24.138
2553,40.3648
2554,19.07054
2555,14.13828
2556,21.877
2557,14.65796
2558,21.87112
2559,29.353
2560,15.1152
2561,31.395374
2562,20.31452
2563,25.10727
2564,21.6793
2565,13.707
2566,34.719
2567,2.941567
2568,20.214
2569,35.884
2570,5.84972
2571,19.27346
2572,33.13955
2573,31.64697
2574,61.48695
2575,50.131
2576,21.7471
2577,15.8466
2578,27.78775
2579,30.8787
2580,18.182813
2581,15.39495
2582,36.0458
2583,5.20617
2584,20.21962
2585,34.4722
2586,6.06047
2587,4.926483
2588,9.26798
2589,8.57075
2590,31.12124
2591,15.9473
2592,35.16655
2593,28.91029
2594,38.4698
2595,20.83862
2596,12.628853
2597,15.75246
2598,42.17802
2599,17.57755
2600,24.59288
2601,33.71205
2602,28.90622
2603,16.47115
2604,35.94648
2605,48.7213
2606,17.24728
2607,31.26629
2608,22.77207
2609,5.595014
2610,20.00836
2611,19.96595
2612,18.01908
2613,43.80275
2614,25.73684
2615,33.281656
2616,22.72979
2617,29.66043
2618,20.93
2619,37.32195
2620,25.64633
2621,3.661143
2622,12.26283
2623,16.6804
2624,29.35493
2625,43.604038
2626,52.056438
2627,14.392168
2628,34.0832
2629,22.36985
2630,18.031376
2631,16.50288
2632,39.36551
2633,39.45145
2634,15.8646
2635,26.97295
2636,10.77212
2637,27.12249
2638,15.73403
2639,24.2587
2640,29.47808
2641,35.70381
2642,6.92494
2643,19.72146
2644,32.26377
2645,23.3186
2646,15.85384
2647,18.61775
2648,35.57693
2649,38.32208
2650,36.460238
2651,31.153461
2652,4.742152
2653,29.19385
2654,39.01004
2655,24.90843
2656,69.28125
2657,20.92404
2658,15.04413
2659,8.14207
2660,29.7319
2661,17.42412
2662,26.3197
2663,44.62755
2664,7.23057
2665,62.0176
2666,32.15773
2667,35.89849
2668,6.99097
2669,24.1453
2670,58.711
2671,32.09804
2672,12.58887
2673,11.82302
2674,30.0442
2675,37.49168
2676,13.99452
2677,26.98623
2678,21.2693
2679,23.31526
2680,14.5772
2681,23.201845
2682,12.04975
2683,16.94802
2684,11.65058
2685,23.95815
2686,21.682
2687,49.927274
2688,36.13341
2689,22.54987
2690,17.18196
2691,28.67079
2692,32.756742
2693,42.19925
2694,34.29811
2695,27.69805
2696,21.2974
2697,39.7473
2698,45.81536
2699,25.58608
2700,19.902798
2701,27.37533
2702,10.79741
2703,23.562408
2704,11.13165
2705,36.6387
2706,25.31231
2707,45.968276
2708,23.746058
2709,22.28504
2710,25.77994
2711,43.1494
2712,10.106143
2713,26.950653
2714,8.13031
2715,61.9344
2716,17.67768
2717,17.4451
2718,22.92859
2719,25.84172
2720,16.7003
2721,16.38782
2722,22.66291
2723,20.74842
2724,22.11788
2725,31.48846
2726,30.86067
2727,52.4715
2728,5.881107
2729,20.744
2730,32.272218
2731,2.171506
2732,19.08071
2733,13.37784
2734,4.494342
2735,47.2185
2736,60.3584
2737,40.9856
2738,12.04735
2739,14.13461
2740,32.146
2741,1.964685
2742,27.37769
2743,31.79115
2744,41.7816
2745,30.06618
2746,5.48351
2747,63.5973
2748,42.89555
2749,10.39045
2750,24.34231
2751,13.25058
2752,14.15216
2753,5.30337
2754,4.065355
2755,13.5296
2756,13.32093
2757,43.9284
2758,26.62152
2759,22.97274
2760,23.9101
2761,26.22347
2762,9.90629
2763,17.8539
2764,30.90952
2765,15.51029
2766,4.92334
2767,21.93304
2768,14.95415
2769,23.83641
2770,15.02712
2771,31.82695
2772,21.31562
2773,28.25516
2774,35.30675
2775,43.8427
2776,5.95201
2777,47.2438
2778,25.51795
2779,38.7518
2780,37.53246
2781,31.50336
2782,29.34973
2783,27.20158
2784,9.90153
2785,16.03072
2786,29.90016
2787,13.339278
2788,35.4297
2789,16.075285
2790,22.88668
2791,22.0875
2792,15.4201
2793,11.45875
2794,32.262
2795,36.0579
2796,47.03269
2797,19.4023
2798,26.5633
2799,20.06047
2800,14.36883
2801,34.3648
2802,33.4674
2803,25.21344
2804,32.28088
2805,10.03718
2806,41.70122
2807,17.4057
2808,3.589963
2809,21.78856
2810,34.07795
2811,25.1421
2812,36.6258
2813,25.69777
2814,13.031732
2815,34.55745
2816,9.09985
2817,42.02628
2818,55.91622
2819,2.327249
2820,9.26272
2821,31.96405
2822,47.2742
2823,27.74067
2824,29.545
2825,42.48965
2826,50.5177
2827,31.0346
2828,24.4012
2829,37.24694
2830,47.686228
2831,37.224148
2832,7.166625
2833,25.16204
2834,17.942741
2835,30.26676
2836,22.26446
2837,42.86229
2838,49.7962
2839,8.202614
2840,16.78077
2841,26.5741
2842,15.6993
2843,23.075
2844,29.82115
2845,27.06865
2846,18.04365
2847,39.4618
2848,21.05875
2849,9.9772
2850,32.26015
2851,52.11155
2852,16.93166
2853,23.43623
2854,23.66505
2855,29.20536
2856,14.09778
2857,29.91791
2858,36.49879
2859,25.86011
2860,34.6534
2861,25.1871
2862,38.80253
2863,6.598035
2864,17.18834
2865,34.08576
2866,24.68872
2867,20.03988
2868,64.5125
2869,36.03428
2870,24.0903
2871,4.1171182
2872,6.802904
2873,15.393926
2874,23.8232
2875,20.7319
2876,36.1534
2877,14.79027
2878,19.16937
2879,11.24645
2880,40.69321
2881,9.7223
2882,35.40937
2883,30.1985
2884,24.70486
2885,8.97862
2886,24.58058
2887,24.53958
2888,12.88215
2889,5.36
2890,28.27787
2891,21.07311
2892,12.70727
2893,39.613
2894,6.93482
2895,21.422215
2896,8.09827
2897,9.730776
2898,34.8703
2899,59.4032
2900,16.33169
2901,29.6286
2902,7.07487
2903,18.30963
2904,34.5362
2905,18.4899
2906,37.3548
2907,18.2364
2908,60.53105
2909,28.58174
2910,35.29719
2911,12.4723
2912,53.679706
2913,11.01073
2914,14.4094
2915,2.3457988
2916,16.308076
2917,28.36713
2918,39.461505
2919,17.35869
2920,12.03609
2921,24.55507
2922,24.31466
2923,22.0664
2924,38.35625
2925,45.262618
2926,23.54315
2927,15.24675
2928,35.6632
2929,24.550246
2930,15.77947
2931,28.95963
2932,39.4467
2933,12.798626
2934,33.760463
2935,83.2988
2936,25.02516
2937,2.158399
2938,27.96125
2939,25.3206
2940,41.22129
2941,35.1838
2942,22.50743
2943,32.10908
2944,27.1415
2945,13.83527
2946,22.38542
2947,8.38652
2948,32.77778
2949,23.49535
2950,40.67002
2951,3.26064
2952,37.73454
2953,4.8665396
2954,32.0561
2955,9.914743
2956,28.981253
2957,36.3921
2958,41.5255
2959,18.62502
2960,19.486
2961,41.10731
2962,17.69635
2963,4.24282
2964,24.326
2965,37.372015
2966,19.08138
2967,16.17142
2968,3.028513
2969,22.4962
2970,20.5041
2971,28.85592
2972,16.4247
2973,15.64057
2974,16.8804
2975,22.427444
2976,14.21281
2977,11.12896
2978,35.748376
2979,61.9358
2980,50.6517
2981,24.8182
2982,19.0209
2983,27.15155
2984,52.18353
2985,19.20718
2986,33.99262
2987,41.7393
2988,19.5676
2989,65.829317
2990,28.77975
2991,37.36446
2992,21.53995
2993,29.86994
2994,8.57115999999999
2995,43.53308
2996,38.6813
2997,18.303258
2998,33.0161
2999,27.61229
3000,35.76328
3001,22.6606
3002,24.15736
3003,8.70839
3004,47.69801
3005,30.782118
3006,30.52385
3007,31.31876
3008,14.84219
3009,10.907
3010,37.37805
3011,15.10051
3012,5.89824
3013,41.71212
3014,19.612
3015,38.82822
3016,19.59542
3017,41.31205
3018,11.27848
3019,24.30456
3020,58.92262
3021,36.30519
3022,36.676
3023,27.8324
3024,46.97603
3025,28.3231
3026,13.08838
3027,21.6763
3028,16.2151
3029,36.128872
3030,37.81616
3031,52.395338
3032,16.89622
3033,25.78198
3034,19.06971
3035,24.5565
3036,12.48324
3037,42.37208
3038,37.45491
3039,27.06677
3040,27.2722
3041,21.38465
3042,22.48896
3043,34.78416
3044,45.1679
3045,28.90008
3046,17.22524
3047,56.92475
3048,12.424185
3049,24.8654
3050,14.84512
3051,18.47573
3052,36.15732
3053,29.69415
3054,6.69815
3055,3.981089
3056,20.596636
3057,15.48228
3058,16.4449
3059,20.9173
3060,57.0101
3061,44.1718
3062,23.3023
3063,22.24146
3064,8.03391
3065,73.1726
3066,47.83855
3067,37.69912
3068,6.52435
3069,11.84821
3070,59.90244
3071,24.5442
3072,14.62057
3073,10.319153
3074,5.640135
3075,8.202912
3076,30.38044
3077,33.54028
3078,14.7387
3079,31.35735
3080,15.76228
3081,55.7943
3082,10.536235
3083,21.5586
3084,32.53331
3085,13.77902
3086,19.007168
3087,28.10885
3088,7.01325
3089,3.3121162
3090,32.4038
3091,26.92195
3092,34.5648
3093,16.62894
3094,12.76837
3095,13.55417
3096,25.86269
3097,44.532062
3098,32.3503
3099,21.92046
3100,20.08723
3101,47.96615
3102,27.21083
3103,27.9216
3104,22.62448
3105,12.4584
3106,27.11933
3107,11.66141
3108,26.84636
3109,16.07408
3110,30.49408
3111,40.9958
3112,22.957676
3113,15.890028
3114,20.6643
3115,21.85855
3116,17.7967
3117,28.71465
3118,49.4769
3119,27.09796
3120,18.43259
3121,22.58165
3122,21.984724
3123,35.12429
3124,33.37482
3125,37.1521
3126,31.1105
3127,22.68776
3128,27.86869
3129,26.37953
3130,10.88751
3131,16.40269
3132,20.3183
3133,5.636478
3134,24.57104
3135,25.03553
3136,44.2246
3137,29.364148
3138,16.53724
3139,1.776175
3140,18.25875
3141,54.82947
3142,41.8584
3143,16.5956
3144,15.6537
3145,34.81935
3146,27.5192
3147,10.8742
3148,31.5477
3149,47.4459
3150,26.83303
3151,5.5108
3152,27.79419
3153,36.385878
3154,17.88048
3155,31.26648
3156,15.448154
3157,36.1806
3158,41.0273
3159,4.514066
3160,27.8508
3161,14.51718
3162,4.06935
3163,33.66734
3164,23.9389
3165,29.31129
3166,23.5663
3167,30.944968
3168,43.5907
3169,24.117
3170,15.36449
3171,36.3062
3172,16.00532
3173,20.0193
3174,26.70257
3175,8.80741
3176,8.419818
3177,28.53437
3178,19.14472
3179,40.80345
3180,16.39865
3181,4.20582
3182,18.300137
3183,4.782025
3184,37.8867
3185,8.99141
3186,16.19269
3187,7.53733
3188,5.4535
3189,20.92507
3190,12.91895
3191,18.7101
3192,38.966
3193,23.68468
3194,26.05635
3195,17.350278
3196,8.23336
3197,28.3994
3198,13.6198
3199,56.6299
3200,2.689596
3201,17.01047
3202,21.86385
3203,18.415093
3204,52.95169
3205,30.30048
3206,11.0938
3207,23.546193
3208,51.2557
3209,21.6705
3210,27.37384
3211,8.94201
3212,18.895693
3213,25.84208
3214,28.70915
3215,31.23508
3216,31.3779
3217,40.3147
3218,16.6167
3219,15.33128
3220,3.190567
3221,27.39565
3222,39.167338
3223,49.00755
3224,15.61164
3225,18.47798
3226,36.28655
3227,27.71105
3228,16.51045
3229,14.36835
3230,46.91192
3231,19.95993
3232,27.85228
3233,27.00924
3234,29.44596
3235,19.71744
3236,14.39795
3237,18.60171
3238,36.21994
3239,33.94095
3240,19.181958
3241,28.9171
3242,35.809775
3243,60.1102
3244,19.69943
3245,5.407978
3246,28.23326
3247,9.64395
3248,42.9626
3249,12.61197
3250,28.90014
3251,7.70106
3252,18.09934
3253,22.02744
3254,14.87434
3255,18.34968
3256,50.089618
3257,20.423445
3258,28.83917
3259,31.26155
3260,52.405368
3261,12.24378
3262,27.18671
3263,25.22017
3264,21.72576
3265,42.73165
3266,15.43007
3267,27.419278
3268,9.87159
3269,7.441
3270,18.947698
3271,17.406963
3272,28.42578
3273,41.4508
3274,22.98613
3275,23.942465
3276,26.55688
3277,20.03665
3278,28.103693
3279,25.99263
3280,40.5068
3281,14.87697
3282,37.82675
3283,19.3332
3284,24.744
3285,36.6777
3286,3.72483
3287,32.1859
3288,31.1981
3289,28.20317
3290,45.9163
3291,28.16371
3292,28.9327
3293,52.09914
3294,22.83581
3295,31.37525
3296,20.8347
3297,26.6265
3298,16.015705
3299,9.88688
3300,25.06848
3301,2.025942
3302,47.6571
3303,56.28003
3304,60.53925
3305,16.981955
3306,12.74628
3307,14.9738
3308,4.8543336
3309,24.68394
3310,30.2923
3311,57.6477
3312,23.4128
3313,57.14714
3314,15.81292
3315,18.23909
3316,18.0446
3317,5.477373
3318,12.23564
3319,23.4131
3320,3.0036152
3321,19.364463
3322,22.96735
3323,18.17488
3324,51.2045
3325,28.24825
3326,15.00473
3327,17.9734
3328,22.6792
3329,8.39964
3330,17.15932
3331,1.529458
3332,11.59742
3333,5.56683
3334,18.23462
3335,14.3852
3336,14.88757
3337,22.10817
3338,47.7747
3339,16.633488
3340,19.2253
3341,48.54945
3342,16.53418
3343,24.99058
3344,53.733
3345,22.29596
3346,23.153
3347,31.0604
3348,32.6572
3349,46.1156
3350,14.53883
3351,19.41355
3352,14.7273
3353,43.0371
3354,34.95928
3355,29.39512
3356,22.34295
3357,43.70992
3358,24.92564
3359,56.3592
3360,7.21138
3361,16.905104
3362,31.22525
3363,16.4718
3364,34.08127
3365,48.063725
3366,7.378675
3367,25.31436
3368,23.42517
3369,32.65195
3370,24.37832
3371,20.30248
3372,19.244525
3373,2.650678
3374,30.68009
3375,64.407
3376,29.40585
3377,30.61545
3378,11.798674
3379,44.5098
3380,34.778398
3381,8.91585
3382,21.10175
3383,44.464218
3384,36.275538
3385,63.4788
3386,19.49622
3387,15.8937
3388,6.62333
3389,38.95842
3390,20.98371
3391,30.23466
3392,41.9436
3393,17.4367
3394,47.93374
3395,32.11816
3396,26.83533
3397,33.41458
3398,9.12537
3399,9.2798
3400,19.813804
3401,8.77396
3402,24.7617
3403,15.6226
3404,13.23568
3405,59.4832
3406,19.82502
3407,11.269458
3408,3.940653
3409,27.130235
3410,21.383451
3411,19.83277
3412,28.99384
3413,18.04432
3414,8.07735
3415,29.1534
3416,19.07735
3417,9.38008
3418,36.43507
3419,17.691
3420,24.06469
3421,24.894433
3422,66.72385
3423,13.39562
3424,22.8717
3425,48.03336
3426,40.2213
3427,32.2738
3428,18.2697
3429,34.20639
3430,26.3235
3431,11.467875
3432,7.262215
3433,14.84947
3434,32.41728
3435,35.2152
3436,64.319724
3437,18.235418
3438,21.56799
3439,20.6638
3440,24.064738
3441,13.96536
3442,54.91317
3443,25.6725
3444,19.91302
3445,16.88969
3446,11.4059
3447,27.747578
3448,36.75082
3449,9.96762
3450,31.4441
3451,27.0543
3452,21.83928
3453,26.03694
3454,8.63753199999999
3455,14.4448
3456,13.10304
3457,29.0565
3458,6.68524
3459,6.21128
3460,33.927538
3461,28.108495
3462,14.04928
3463,7.24985
3464,38.738815
3465,38.530231
3466,43.552738
3467,26.416
3468,18.3517
3469,20.26892
3470,43.771495
3471,30.1621
3472,17.06005
3473,29.9603
3474,7.01195
3475,39.0057
3476,18.890016
3477,26.6947
3478,21.5585
3479,23.72406
3480,15.23807
3481,38.81848
3482,45.74955
3483,31.63808
3484,24.56175
3485,31.00013
3486,29.9122
3487,16.92031
3488,17.4261
3489,15.78486
3490,24.60877
3491,45.5246
3492,33.60915
3493,19.660938
3494,14.00313
3495,34.31524
3496,26.25561
3497,19.03555
3498,25.15197
3499,22.6506
3500,23.00874
3501,28.01596
3502,27.8759
3503,16.905984
3504,10.007306
3505,36.9125
3506,29.30255
3507,24.48367
3508,23.30031
3509,37.639
3510,15.037485
3511,26.01606
3512,16.86161
3513,2.868853
3514,9.48123
3515,28.42628
3516,44.80298
3517,17.851
3518,15.715038
3519,23.22652
3520,28.7678
3521,39.552338
3522,28.10929
3523,46.0722
3524,29.6095
3525,16.5837
3526,6.071368
3527,28.9585
3528,53.89124
3529,20.59334
3530,40.6458
3531,20.96445
3532,45.9604
3533,22.11834
3534,17.55735
3535,10.98867
3536,16.8613
3537,5.73854
3538,28.62695
3539,22.67533
3540,24.617738
3541,22.691328
3542,15.0885
3543,23.9105
3544,22.0957
3545,42.53166
3546,48.168955
3547,46.98255
3548,26.7812
3549,11.95215
3550,13.8
3551,46.22563
3552,26.577833
3553,16.57304
3554,34.16607
3555,12.484046
3556,26.23754
3557,28.65845
3558,34.844131
3559,31.64588
3560,21.78624
3561,11.9465
3562,10.27152
3563,40.27665
3564,35.6409
3565,16.41821
3566,25.118045
3567,38.47385
3568,11.70474
3569,10.8804
3570,14.07859
3571,21.32428
3572,20.96534
3573,30.5538
3574,25.83785
3575,13.787
3576,36.0138
3577,31.1128
3578,16.2254
3579,26.50931
3580,38.5277
3581,9.50799
3582,23.71643
3583,23.89276
3584,42.3
3585,18.52748
3586,27.02975
3587,27.2747
3588,26.69543
3589,70.0984
3590,10.59537
3591,34.69358
3592,32.11068
3593,21.17738
3594,20.51818
3595,14.6318
3596,30.79248
3597,35.4608
3598,18.54435
3599,16.721038
3600,41.37577
3601,23.84689
3602,41.8985
3603,11.5739
3604,9.74931
3605,26.483
3606,31.9187
3607,43.9661
3608,22.5466
3609,22.90192
3610,6.9232
3611,32.74497
3612,29.56979
3613,29.13332
3614,32.17229
3615,22.80875
3616,3.701125
3617,20.28292
3618,16.13138
3619,24.82305
3620,8.41063
3621,39.2451
3622,55.07996
3623,2.112173
3624,19.73962
3625,9.48813
3626,36.810635
3627,46.6013
3628,55.6919
3629,6.11413
3630,15.483595
3631,31.1538
3632,58.1794
3633,22.336
3634,21.28292
3635,38.9732
3636,41.064994
3637,43.3568
3638,16.5607
3639,16.97952
3640,49.261112
3641,22.2656
3642,14.87518
3643,19.43029
3644,68.869
3645,55.06905
3646,26.0144
3647,15.42627
3648,34.0508
3649,39.26493
3650,20.1276
3651,12.95358
3652,30.004
3653,20.94803
3654,12.88227
3655,24.50304
3656,17.17365
3657,65.93365
3658,24.57944
3659,18.47149
3660,18.39704
3661,45.99374
3662,35.3275
3663,27.90345
3664,9.10013
3665,35.1847
3666,19.0446
3667,26.01032
3668,61.3768
3669,37.64299
3670,27.13258
3671,17.92714
3672,32.0861
3673,21.2378
3674,3.39055
3675,3.553141
3676,14.83973
3677,21.6033
3678,41.4508
3679,22.17993
3680,18.65722
3681,16.396874
3682,26.09996
3683,16.29315
3684,29.86323
3685,29.065553
3686,25.72545
3687,12.5691
3688,22.9497
3689,18.15165
3690,10.98983
3691,3.850596
3692,29.7976
3693,25.4533
3694,29.53734
3695,21.46648
3696,11.56882
3697,13.28161
3698,18.71715
3699,14.956125
3700,37.2493
3701,15.2748
3702,15.539934
3703,16.37174
3704,23.898645
3705,16.658108
3706,39.3983
3707,30.00805
3708,33.33642
3709,12.5186
3710,31.28085
3711,5.860835
3712,20.19542
3713,28.25631
3714,34.7402
3715,10.696718
3716,38.4483
3717,18.7004
3718,43.0443
3719,31.78794
3720,35.89541
3721,4.7796
3722,25.14907
3723,18.7224
3724,21.9951
3725,36.51853
3726,27.948005
3727,23.93256
3728,13.8777
3729,55.85924
3730,29.69699
3731,20.3123
3732,28.73998
3733,22.440368
3734,24.2685
3735,17.13185
3736,36.5487
3737,21.6793
3738,17.2334
3739,23.11165
3740,23.47
3741,34.92073
3742,18.70497
3743,2.5819
3744,33.12277
3745,14.988954
3746,32.35345
3747,16.8754
3748,41.09641
3749,44.66702
3750,24.84429
3751,39.065
3752,22.14156
3753,25.0455
3754,30.624238
3755,17.80783
3756,22.96255
3757,18.2744
3758,38.477696
3759,34.93336
3760,31.949638
3761,15.063118
3762,30.3013
3763,3.845862
3764,16.584473
3765,15.280253
3766,17.99794
3767,30.323
3768,36.95575
3769,20.6783
3770,16.29756
3771,11.95887
3772,13.22959
3773,15.39968
3774,7.177417
3775,25.48051
3776,20.17428
3777,22.73114
3778,25.38494
3779,17.3888
3780,33.43962
3781,33.85431
3782,21.88295
3783,16.54336
3784,42.0943
3785,27.456331
3786,25.31716
3787,8.16684000000001
3788,7.5686
3789,12.11648
3790,54.1846
3791,21.48335
3792,18.074485
3793,19.297218
3794,22.52611
3795,10.65513
3796,23.3893
3797,28.968
3798,26.94495
3799,39.308846
3800,28.91714
3801,30.769
3802,10.09158
3803,32.91802
3804,37.71586
3805,15.53464
3806,37.6886
3807,21.28995
3808,29.27438
3809,13.54338
3810,18.88412
3811,17.26959
3812,22.473
3813,25.130918
3814,23.3633
3815,32.74197
3816,27.8832
3817,25.19325
3818,15.85487
3819,37.1952
3820,22.59699
3821,15.89067
3822,31.1272
3823,8.92257
3824,13.20713
3825,16.808598
3826,21.11467
3827,49.90295
3828,17.484845
3829,38.3125
3830,56.0956
3831,11.64948
3832,32.09569
3833,12.25005
3834,12.79762
3835,29.22723
3836,7.6408
3837,8.30745
3838,32.8003
3839,37.137744
3840,50.72185
3841,23.63913
3842,19.283908
3843,38.150925
3844,22.1572
3845,25.37005
3846,12.89545
3847,28.2486
3848,8.248
3849,26.6004
3850,12.129604
3851,23.2784
3852,27.36352
3853,24.86404
3854,25.87132
3855,43.9126
3856,35.00663
3857,18.07416
3858,25.92731
3859,15.54234
3860,40.97868
3861,16.24732
3862,32.19541
3863,26.6731
3864,26.24678
3865,33.793338
3866,18.458976
3867,6.460623
3868,5.759342
3869,38.385538
3870,53.08533
3871,79.7778
3872,28.1392
3873,4.2656
3874,11.882469
3875,30.7566
3876,20.40485
3877,14.941305
3878,44.6028
3879,15.6037
3880,31.0872
3881,26.23453
3882,8.4922
3883,21.80826
3884,16.0959
3885,16.784664
3886,19.4185
3887,10.8724412
3888,18.45138
3889,17.59862
3890,33.10303
3891,21.24598
3892,20.433272
3893,24.93422
3894,11.40549
3895,41.683115
3896,17.76365
3897,20.16918
3898,25.83785
3899,2.975935
3900,37.7768
3901,31.7738
3902,17.13609
3903,25.7106
3904,5.190016
3905,14.55247
3906,13.18257
3907,23.776433
3908,47.80321
3909,18.52358
3910,25.50955
3911,21.68996
3912,30.670076
3913,24.04695
3914,38.20395
3915,40.15346
3916,11.0183
3917,14.31599
3918,22.75672
3919,23.2506
3920,34.58788
3921,37.8854
3922,27.38651
3923,18.99882
3924,25.74834
3925,34.97512
3926,16.273518
3927,20.13984
3928,10.91972
3929,22.52183
3930,56.6012
3931,33.06768
3932,33.9854
3933,29.82305
3934,32.45517
3935,24.88952
3936,32.4879
3937,27.06236
3938,33.6642
3939,30.64718
3940,14.51459
3941,48.06839
3942,14.257585
3943,34.37867
3944,36.9617
3945,45.123142
3946,36.2158
3947,31.893478
3948,11.23681
3949,23.52835
3950,8.2876
3951,54.028655
3952,43.6142
3953,17.7457
3954,16.55583
3955,25.369616
3956,52.6901
3957,27.70522
3958,50.2046
3959,41.3225
3960,26.77005
3961,43.7816
3962,26.94608
3963,38.9806
3964,12.4279
3965,19.7768
3966,18.0799
3967,13.13247
3968,43.4921
3969,18.77486
3970,26.0693
3971,38.71692
3972,12.77575
3973,29.23185
3974,4.738822
3975,22.12018
3976,18.82597
3977,14.83084
3978,22.4782
3979,43.78898
3980,21.50429
3981,37.83205
3982,7.2394
3983,17.2515
3984,2.907496
3985,21.8243
3986,17.64322
3987,15.961838
3988,31.530746
3989,66.009698
3990,38.40626
3991,25.32873
3992,33.0919
3993,37.3703
3994,47.7907
3995,24.725486
3996,31.79925
3997,14.624445
3998,15.52647
3999,6.50268
4000,13.36011
4001,18.493114
4002,12.79772
4003,52.7437
4004,33.9422
4005,21.10548
4006,31.3695
4007,53.7702
4008,13.414043
4009,64.79364
4010,21.5956
4011,20.8458
4012,19.16902
4013,19.71398
4014,46.94872
4015,26.5392
4016,21.7222
4017,29.94689
4018,22.7685
4019,28.79073
4020,21.47
4021,7.17166
4022,47.41169
4023,14.573995
4024,28.27787
4025,30.03465
4026,13.8086
4027,32.912938
4028,17.0179
4029,13.43744
4030,1.522682
4031,38.553138
4032,55.63223
4033,30.8721
4034,25.3567
4035,16.6675
4036,27.09016
4037,16.2708
4038,16.83667
4039,22.87672
4040,41.36561
4041,4.817813
4042,26.19005
4043,22.70037
4044,25.98269
4045,9.437206
4046,30.70792
4047,34.8736
4048,35.16924
4049,7.95468
4050,19.628468
4051,28.93559
4052,14.94798
4053,22.60252
4054,41.26104
4055,21.64496
4056,30.6946
4057,14.02215
4058,12.55002
4059,18.572998
4060,28.21255
4061,20.08704
4062,34.3917
4063,22.60395
4064,19.41463
4065,23.9114
4066,32.4235
4067,23.93505
4068,5.723979
4069,8.8234
4070,21.99771
4071,16.808245
4072,24.32698
4073,32.42615
4074,33.289
4075,39.65255
4076,23.728836
4077,48.3044
4078,30.086118
4079,7.630404
4080,20.9117
4081,25.152183
4082,28.68548
4083,22.9086
4084,55.034718
4085,48.2639
4086,25.01404
4087,25.1988
4088,18.19841
4089,14.314385
4090,14.95612
4091,26.7119
4092,38.73266
4093,18.8778
4094,12.84885
4095,24.25135
4096,20.7975
4097,21.3696
4098,32.0108
4099,24.79632
4100,18.4185
4101,11.06186
4102,19.00077
4103,20.6992
4104,18.59594
4105,30.5262
4106,22.88803
4107,19.462634
4108,46.82492
4109,24.271968
4110,12.349805
4111,26.12525
4112,35.82326
4113,79.1566
4114,73.3085
4115,4.56168
4116,19.2537
4117,30.83465
4118,22.3765
4119,5.1512
4120,43.35931
4121,44.25602
4122,15.6381
4123,29.6462
4124,25.5861
4125,23.86881
4126,26.6954
4127,7.88425000000001
4128,11.431472
4129,27.0086
4130,22.15718
4131,14.18973
4132,20.671318
4133,15.76897
4134,45.3107
4135,39.1992
4136,15.657315
4137,4.81119
4138,23.6492
4139,21.60014
4140,28.1809
4141,22.43958
4142,4.993334
4143,34.75642
4144,50.79571
4145,19.38095
4146,18.68817
4147,23.2784
4148,20.8315
4149,41.61042
4150,25.93016
4151,32.32945
4152,11.90362
4153,29.57387
4154,43.3269
4155,43.2594
4156,33.524605
4157,25.369018
4158,39.38503
4159,22.2469
4160,9.372039
4161,4.89755
4162,13.78238
4163,33.96325
4164,31.7704
4165,50.6388
4166,46.40206
4167,20.49829
4168,6.9464116
4169,29.7827
4170,9.627593
4171,52.11087
4172,18.94458
4173,27.62177
4174,30.04655
4175,22.23615
4176,35.13735
4177,18.8023
4178,15.51593
4179,31.9796
4180,18.48252
4181,6.92706
4182,8.469155
4183,2.466278
4184,9.9579
4185,33.10777
4186,31.0589
4187,52.6271
4188,4.825204
4189,27.9098
4190,26.1812
4191,4.0278682
4192,1.630955
4193,36.065176
4194,58.9094
4195,49.4145
4196,20.30476
4197,15.59702
4198,31.75377
4199,29.21605
4200,6.51995
4201,21.70402
4202,40.62112
4203,18.37347
4204,24.8312
4205,25.21693
4206,22.8147
4207,10.72558
4208,35.1237
4209,21.73116
4210,13.124428
4211,12.806646
4212,20.144678
4213,27.546075
4214,12.2317
4215,34.034655
4216,66.0447
4217,25.7223
4218,18.4023
4219,23.1446
4220,41.59721
4221,24.776636
4222,13.79388
4223,12.47205
4224,18.4739
4225,12.1499
4226,17.13329
4227,24.93433
4228,30.62367
4229,25.17085
4230,34.59442
4231,37.0343
4232,27.447418
4233,13.26083
4234,30.07187
4235,51.605466
4236,28.39767
4237,31.82987
4238,38.0452
4239,36.345244
4240,26.55353
4241,20.8025
4242,23.86456
4243,19.97223
4244,28.55878
4245,50.2558
4246,29.026138
4247,21.39439
4248,15.21658
4249,14.56171
4250,14.62893
4251,11.21056
4252,58.78224
4253,27.9473
4254,28.3131
4255,18.5495
4256,37.9455
4257,23.485
4258,9.98237
4259,32.1029
4260,26.03447
4261,27.1172
4262,36.661672
4263,10.53553
4264,6.041708
4265,18.72859
4266,49.02002
4267,3.068721
4268,33.16323
4269,30.3433
4270,19.5096
4271,15.642038
4272,14.11348
4273,17.2636
4274,38.973138
4275,13.0083
4276,32.9426
4277,20.88468
4278,18.68091
4279,7.38846619999999
4280,27.21025
4281,18.97843
4282,16.49576
4283,40.18305
4284,22.8614
4285,14.39254
4286,75.5108
4287,35.34987
4288,6.68691
4289,38.05755
4290,9.99134
4291,49.31056
4292,42.98905
4293,18.237838
4294,18.47105
4295,17.04809
4296,7.39702
4297,22.54415
4298,18.7729
4299,16.01802
4300,19.69309
4301,20.841394
4302,39.45015
4303,22.94299
4304,7.052905
4305,12.94625
4306,16.04226
4307,19.2135
4308,19.89402
4309,40.16016
4310,5.50461
4311,31.3569
4312,25.83817
4313,60.27496
4314,15.49862
4315,34.6608
4316,61.11493
4317,46.05119
4318,41.1179
4319,33.58278
4320,27.412124
4321,29.37721
4322,15.01644
4323,5.871085
4324,18.493233
4325,38.644448
4326,46.039338
4327,28.30653
4328,33.7974
4329,23.03555
4330,26.6818
4331,15.222418
4332,28.99903
4333,15.66333
4334,36.478595
4335,40.4355
4336,23.10735
4337,17.5406
4338,31.06125
4339,17.09302
4340,20.41862
4341,31.893
4342,18.82768
4343,21.12348
4344,20.42582
4345,10.768675
4346,20.484
4347,13.80724
4348,28.51122
4349,4.59164
4350,21.368
4351,21.98538
4352,26.494758
4353,12.41246
4354,4.494342
4355,16.2379
4356,50.378155
4357,47.9915
4358,14.94958
4359,15.90272
4360,30.7856
4361,5.837219
4362,16.97637
4363,13.88562
4364,39.9216
4365,25.489
4366,25.2598
4367,37.76164
4368,32.55055
4369,11.3745
4370,30.70009
4371,15.8149
4372,20.27428
4373,45.8649
4374,23.64542
4375,24.5446
4376,13.76838
4377,32.9415
4378,19.7453
4379,24.50331
4380,29.65845
4381,12.24935
4382,22.51396
4383,29.6549
4384,27.5608
4385,12.47205
4386,37.6703
4387,23.0726
4388,42.113826
4389,30.41571
4390,38.6894
4391,13.50129
4392,26.34571
4393,16.915
4394,64.536324
4395,13.11684
4396,26.75031
4397,25.5282
4398,41.71182
4399,32.834
4400,14.9196
4401,27.96093
4402,28.112718
4403,7.29922
4404,7.975592
4405,19.148033
4406,39.61085
4407,20.16029
4408,48.557276
4409,26.18402
4410,19.674172
4411,23.76807
4412,23.4199
4413,13.09195
4414,10.19195
4415,33.0477
4416,29.1835
4417,24.12527
4418,12.2043
4419,16.59134
4420,28.09002
4421,2.76569
4422,28.58019
4423,4.36375
4424,7.47824
4425,14.025388
4426,26.96807
4427,17.61292
4428,13.403765
4429,22.96993
4430,33.94665
4431,23.301238
4432,5.35693
4433,19.83807
4434,6.10616
4435,21.18025
4436,53.468738
4437,36.89465
4438,38.6399
4439,20.883
4440,2.704938
4441,12.388697
4442,29.7319
4443,34.4217
4444,42.08366
4445,53.97005
4446,20.5977
4447,27.4966
4448,19.844086
4449,5.37286
4450,16.172442
4451,27.45594
4452,6.832434
4453,48.65134
4454,11.8276214
4455,21.792856
4456,19.96975
4457,14.92938
4458,35.6476
4459,24.4908
4460,15.40902
4461,4.57747
4462,24.5388
4463,33.625518
4464,8.77500000000001
4465,29.80425
4466,8.57203
4467,16.731138
4468,24.39975
4469,15.87844
4470,22.579895
4471,21.7402
4472,12.06007
4473,23.0828
4474,17.89783
4475,43.79042
4476,72.6286
4477,14.64032
4478,40.23471
4479,3.225332
4480,35.4894
4481,11.8494
4482,35.7859
4483,3.641637
4484,13.66501
4485,7.8228
4486,12.7556
4487,45.406448
4488,6.67981
4489,25.04082
4490,17.515015
4491,22.78567
4492,31.7288
4493,17.28085
4494,20.617
4495,45.59354
4496,30.09765
4497,11.7992
4498,21.60805
4499,17.90765
4500,54.81394
4501,21.63725
4502,51.94587
4503,27.5391
4504,5.347592
4505,16.30344
4506,20.18726
4507,21.24107
4508,24.60284
4509,16.96276
4510,22.89703
4511,4.94759
4512,34.6063
4513,38.329638
4514,18.8064
4515,11.96576
4516,22.49258
4517,39.9495
4518,58.92435
4519,49.488
4520,10.31805
4521,3.44875
4522,25.77035
4523,41.6061
4524,23.82329
4525,21.45889
4526,36.99135
4527,33.9016
4528,31.68255
4529,23.6274
4530,28.1435
4531,12.24225
4532,5.847246
4533,3.50234
4534,17.553014
4535,42.1535
4536,19.63182
4537,20.12977
4538,29.67949
4539,62.2093
4540,25.70259
4541,26.6856
4542,19.55254
4543,22.1359
4544,18.5398
4545,28.8165
4546,30.2863
4547,13.55878
4548,22.7814
4549,31.102
4550,15.08428
4551,15.29986
4552,20.32907
4553,32.5346
4554,31.47658
4555,12.406
4556,33.933
4557,14.442
4558,26.10988
4559,56.7974
4560,36.73825
4561,36.9193
4562,23.99378
4563,18.5169
4564,29.643438
4565,10.52555
4566,13.94543
4567,8.13354
4568,24.10654
4569,48.174738
4570,55.1826
4571,15.379305
4572,23.11948
4573,21.69664
4574,19.79825
4575,28.79593
4576,38.15759
4577,33.35635
4578,32.9989
4579,16.90843
4580,17.33737
4581,40.46867
4582,18.80032
4583,48.31293
4584,29.7476
4585,22.721
4586,19.339
4587,28.21174
4588,2.691209
4589,19.1228
4590,19.82552
4591,21.30134
4592,25.3143
4593,44.439656
4594,39.9924
4595,4.62582
4596,3.04185
4597,6.57168000000001
4598,22.80569
4599,49.889155
4600,42.6295
4601,12.61023
4602,16.647
4603,30.823
4604,40.7903
4605,19.79617
4606,24.40992
4607,41.702108
4608,29.4852
4609,44.20358
4610,31.78794
4611,34.60236
4612,16.3042
4613,61.851635
4614,19.1068
4615,21.6815
4616,41.4622
4617,22.631256
4618,27.02769
4619,12.4068
4620,48.506
4621,28.95594
4622,22.9262
4623,18.37151
4624,39.389457
4625,32.580618
4626,33.8079
4627,2.23902
4628,8.40354000000001
4629,35.5468
4630,40.07784
4631,17.50742
4632,14.73295
4633,10.54765
4634,6.125998
4635,24.31174
4636,26.30291
4637,39.82945
4638,18.7271
4639,23.0297
4640,60.55435
4641,32.04125
4642,34.70055
4643,27.885678
4644,32.11013
4645,23.41822
4646,36.49
4647,31.378448
4648,18.880033
4649,32.23938
4650,36.65055
4651,36.704576
4652,13.62978
4653,10.90743
4654,25.54357
4655,15.603468
4656,23.30602
4657,6.45302
4658,29.28465
4659,13.9795
4660,23.97524
4661,19.6819
4662,44.29221
4663,25.6498
4664,25.79802
4665,5.312138
4666,22.22857
4667,32.05735
4668,19.04644
4669,28.03633
4670,15.3872
4671,4.581256
4672,31.30299
4673,27.02805
4674,38.828954
4675,33.927538
4676,19.267696
4677,13.83458
4678,17.40153
4679,46.6854
4680,39.1803
4681,51.567738
4682,27.62423
4683,13.1042
4684,6.0165
4685,34.66262
4686,14.02346
4687,14.80603
4688,37.32559
4689,40.7152
4690,21.0203
4691,35.38562
4692,33.8465
4693,15.10972
4694,38.102498
4695,19.8933
4696,34.6149
4697,20.02579
4698,10.13517
4699,28.925295
4700,31.674
4701,42.6087
4702,26.68106
4703,15.65847
4704,17.37908
4705,27.34453
4706,44.34535
4707,30.32585
4708,34.7871
4709,11.88248
4710,24.14352
4711,25.6385
4712,18.65584
4713,20.7818
4714,51.0714
4715,45.4338
4716,39.67157
4717,27.34711
4718,34.4057
4719,10.176657
4720,25.39838
4721,53.1267
4722,27.5627
4723,29.82599
4724,13.16449
4725,38.81553
4726,15.8557
4727,33.049345
4728,17.78725
4729,15.10868
4730,28.24233
4731,56.62476
4732,45.646176
4733,19.08195
4734,3.052001
4735,6.89076
4736,50.1836
4737,7.23228
4738,44.2519
4739,32.41995
4740,8.086054
4741,23.93595
4742,18.3896
4743,4.670622
4744,24.49116
4745,33.3487
4746,29.5392
4747,22.42816
4748,21.22178
4749,26.54686
4750,6.184365
4751,5.76639
4752,57.6788
4753,22.42596
4754,19.6475
4755,21.95997
4756,32.815838
4757,4.4482
4758,13.32678
4759,15.24159
4760,33.9199
4761,46.685593
4762,56.4047
4763,29.6052
4764,20.48584
4765,29.4297
4766,5.6873594
4767,13.6661
4768,25.36034
4769,38.1837
4770,32.7956
4771,64.67426
4772,36.9319
4773,31.57507
4774,15.42285
4775,20.27551
4776,24.36078
4777,20.2581
4778,27.44623
4779,18.96155
4780,16.72885
4781,11.1445
4782,10.897876
4783,19.346
4784,3.563028
4785,25.338728
4786,10.319766
4787,40.01975
4788,17.47791
4789,36.5487
4790,13.82552
4791,16.03006
4792,31.6098
4793,17.74249
4794,14.09345
4795,32.44887
4796,15.5643
4797,27.754333
4798,10.438326
4799,19.54157
4800,1.936602
4801,38.43163
4802,39.213116
4803,40.9445
4804,38.2342
4805,27.70986
4806,17.36956
4807,16.0951
4808,18.96301
4809,17.15772
4810,16.277285
4811,29.59595
4812,19.079884
4813,21.34592
4814,17.5044
4815,19.38789
4816,23.3618
4817,26.12142
4818,2.35245
4819,9.70974
4820,22.8293
4821,13.60342
4822,21.2316
4823,7.71231
4824,3.727314
4825,25.69964
4826,7.610751
4827,35.48282
4828,7.91128
4829,31.5711
4830,9.35639
4831,16.98476
4832,40.6869
4833,65.7168
4834,12.94032
4835,21.183396
4836,19.26394
4837,35.451038
4838,24.057138
4839,12.16546
4840,27.05617
4841,38.654331
4842,59.59915
4843,50.978
4844,7.30524
4845,13.87273
4846,16.89078
4847,62.4067
4848,15.76266
4849,31.5544
4850,42.06211
4851,18.5153
4852,58.4752
4853,28.62645
4854,47.51663
4855,7.40209
4856,25.0013
4857,15.0518
4858,20.2445
4859,17.92104
4860,15.06457
4861,25.74603
4862,42.33272
4863,13.0192
4864,16.50054
4865,25.5941
4866,18.2698
4867,26.32698
4868,8.078928
4869,23.2222
4870,11.72477
4871,11.30268
4872,26.01134
4873,16.19862
4874,18.7924
4875,19.66223
4876,18.645
4877,14.95011
4878,17.83434
4879,26.57566
4880,41.4225
4881,1.606598
4882,29.71553
4883,57.81683
4884,41.07935
4885,40.2
4886,31.65027
4887,12.37946
4888,9.613545
4889,14.01299
4890,26.73054
4891,15.34254
4892,41.7835
4893,55.63166
4894,27.11093
4895,23.2689
4896,41.3769
4897,17.74492
4898,15.784848
4899,11.512443
4900,18.94
4901,24.57925
4902,32.1801
4903,21.4301
4904,21.50732
4905,25.3938
4906,25.2077
4907,34.49226
4908,12.478825
4909,20.40128
4910,19.80688
4911,12.90035
4912,19.39846
4913,21.1955
4914,28.08514
4915,19.79227
4916,7.454039
4917,16.54336
4918,34.412038
4919,34.32965
4920,10.47436
4921,19.22875
4922,53.5519
4923,55.436955
4924,13.5777
4925,13.40891
4926,16.15422
4927,7.07978
4928,27.0558
4929,17.646235
4930,21.45889
4931,30.32534
4932,19.2371
4933,20.9446
4934,22.37053
4935,33.76122
4936,8.75877
4937,35.520458
4938,12.5363
4939,2.245697
4940,41.0764
4941,19.628468
4942,28.597275
4943,17.45867
4944,4.36384
4945,33.26614
4946,23.80748
4947,15.81845
4948,23.3633
4949,36.6383
4950,11.94242
4951,28.25984
4952,13.9982
4953,12.8212
4954,26.34864
4955,22.1452
4956,17.60364
4957,21.18327
4958,16.9804
4959,26.98835
4960,12.7889
4961,67.212974
4962,21.40805
4963,31.582878
4964,31.00851
4965,36.26369
4966,30.9284
4967,15.40392
4968,35.67958
4969,27.28633
4970,1.79097
4971,10.55311
4972,6.63425
4973,32.52793
4974,37.44138
4975,37.319176
4976,16.58132
4977,26.22178
4978,24.10339
4979,19.804288
4980,17.464243
4981,12.43404
4982,25.68408
4983,27.56147
4984,15.8505
4985,16.59182
4986,17.10361
4987,3.271924
4988,33.28895
4989,16.5676
4990,3.23808
4991,22.30112
4992,8.96011
4993,5.78858
4994,17.97849
4995,19.3713
4996,18.39363
4997,24.60045
4998,23.067238
4999,57.0182
5000,20.255
5001,28.46839
5002,21.9809
5003,36.250838
5004,50.529957
5005,53.55022
5006,24.9643
5007,19.6346
5008,34.64135
5009,12.73247
5010,20.34653
5011,29.33325
5012,29.99751
5013,22.2985
5014,28.08732
5015,44.73212
5016,28.096166
5017,9.3356
5018,4.95499
5019,12.88158
5020,24.4503
5021,33.87098
5022,19.8522
5023,2.76252
5024,11.8723
5025,33.76708
5026,5.939984
5027,14.92992
5028,14.75214
5029,17.62555
5030,18.162162
5031,21.6117
5032,33.5295
5033,16.753
5034,26.44445
5035,29.7958
5036,27.02143
5037,30.43597
5038,13.507
5039,15.26303
5040,13.088138
5041,29.57753
5042,30.97515
5043,34.23501
5044,29.27517
5045,26.44433
5046,26.9591
5047,50.4498
5048,30.2666
5049,36.20311
5050,15.9689
5051,25.84228
5052,29.598298
5053,15.3656
5054,26.78538
5055,32.5737
5056,22.84743
5057,29.603508
5058,15.800704
5059,14.228248
5060,17.093041
5061,21.61445
5062,36.76351
5063,32.5815
5064,34.1274
5065,16.90843
5066,17.16435
5067,11.08237
5068,26.40549
5069,38.92565
5070,29.6242
5071,22.16964
5072,19.76768
5073,3.454785
5074,8.15833
5075,11.72183
5076,52.71261
5077,16.55204
5078,21.00045
5079,35.549158
5080,36.7574
5081,19.334065
5082,13.91928
5083,15.45175
5084,36.496493
5085,44.470335
5086,47.9915
5087,28.60413
5088,8.104106
5089,32.12495
5090,26.29158
5091,24.420295
5092,20.834493
5093,41.1502
5094,11.34167
5095,22.78435
5096,29.59337
5097,30.24132
5098,4.771819
5099,23.19704
5100,17.142675
5101,25.495
5102,44.972
5103,27.669275
5104,31.1614
5105,18.1552
5106,18.9885
5107,32.98759
5108,18.5977
5109,22.45758
5110,21.02719
5111,36.55721
5112,22.932478
5113,25.68495
5114,17.11752
5115,13.54512
5116,24.52982
5117,11.7112
5118,9.75131
5119,27.63857
5120,5.273568
5121,17.62519
5122,41.88951
5123,51.592848
5124,14.565848
5125,25.25065
5126,62.8231
5127,33.83132
5128,24.1668
5129,22.8961
5130,3.569055
5131,20.823318
5132,14.91973
5133,2.617006
5134,29.264
5135,31.1023
5136,39.2682
5137,21.62493
5138,17.17841
5139,53.581205
5140,13.67671
5141,15.986961
5142,14.89543
5143,19.336813
5144,27.62078
5145,28.458
5146,19.7187
5147,27.6887
5148,37.9983
5149,21.807
5150,2.374925
5151,30.583
5152,18.75175
5153,16.204525
5154,12.01895
5155,24.239
5156,30.03723
5157,20.04203
5158,7.61985
5159,21.4336
5160,29.473885
5161,31.741038
5162,27.214272
5163,10.44824
5164,8.23864000000001
5165,16.44573
5166,47.113055
5167,43.1465
5168,16.528745
5169,23.11414
5170,9.852475
5171,56.54365
5172,17.89395
5173,22.25011
5174,34.34644
5175,12.89438
5176,30.9007
5177,26.19
5178,19.999976
5179,7.25455
5180,42.420328
5181,15.7152
5182,31.8829
5183,10.86776
5184,9.20335
5185,2.528942
5186,28.08683
5187,30.1116
5188,26.560353
5189,16.52926
5190,25.3556
5191,17.9492
5192,39.1909
5193,18.42517
5194,29.6866
5195,14.08094
5196,38.9571
5197,31.2854
5198,21.84712
5199,30.38684
5200,21.76326
5201,26.88592
5202,43.94314
5203,18.87823
5204,12.46652
5205,46.79562
5206,24.799793
5207,18.491987
5208,25.619668
5209,32.4722
5210,39.74835
5211,16.74622
5212,29.39553
5213,11.038674
5214,44.0881
5215,11.56605
5216,35.52858
5217,38.76546
5218,45.723638
5219,24.32094
5220,16.55346
5221,14.379
5222,29.64829
5223,13.04385
5224,14.4885
5225,40.73955
5226,22.86507
5227,28.1475
5228,17.8266
5229,10.70014
5230,5.113711
5231,38.7695
5232,28.54202
5233,23.75228
5234,18.2654
5235,23.56781
5236,25.78985
5237,17.98669
5238,23.4519
5239,25.37462
5240,21.73225
5241,35.59158
5242,34.0335
5243,30.868335
5244,12.87646
5245,46.20095
5246,9.58457
5247,60.6353
5248,43.4281
5249,20.8522
5250,16.65322
5251,7.7805232
5252,27.5729
5253,18.10267
5254,13.076624
5255,41.35339
5256,6.90703
5257,27.21482
5258,27.86095
5259,19.05347
5260,4.994851
5261,11.1868
5262,14.78644
5263,14.60175
5264,4.429995
5265,39.55402
5266,25.492395
5267,17.91337
5268,23.196155
5269,22.82852
5270,23.7464
5271,24.2885
5272,22.6355
5273,25.409086
5274,21.08053
5275,33.82915
5276,16.91126
5277,22.05465
5278,5.88598
5279,16.72442
5280,29.28424
5281,22.86467
5282,15.94485
5283,18.37038
5284,27.479866
5285,23.74918
5286,10.04142
5287,45.63234
5288,36.4569
5289,27.15775
5290,24.37149
5291,22.87448
5292,14.15772
5293,25.3905
5294,8.12436
5295,17.99414
5296,12.17151
5297,34.6503
5298,26.2354
5299,48.671776
5300,19.45388
5301,17.11287
5302,4.9653246
5303,57.5155
5304,9.691293
5305,41.5872
5306,22.67455
5307,38.37318
5308,20.2199
5309,17.0053
5310,4.30227
5311,32.57735
5312,29.68135
5313,32.386
5314,22.72287
5315,55.39942
